file,orig,de2_size,de2_ct,de2_dt,de2_ccpu,de2_dcpu,de2_mem,de2_modes,V1_size,V1_ct,V1_dt,deflate_size,deflate_ct,deflate_dt,gzip_size,gzip_ct,gzip_dt,brotli_size,brotli_ct,brotli_dt,zstd_size,zstd_ct,zstd_dt,xz_size,xz_ct,xz_dt
App.java,100425,4887,0.061515700013842434,0.004023400018922985,0.0625,0.0,1209511,LZ,5526,0.15347910003038123,0.008697199984453619,4042,0.0012080000014975667,0.0005857999785803258,4060,0.001545500010251999,0.00016799999866634607,3277,0.24286370002664626,0.0007915000314824283,3476,0.11956459999782965,0.0005286000086925924,3188,0.04398829996353015,0.0005066999583505094
app.js,83043,4550,0.05544889997690916,0.0035568999592214823,0.0625,0.0,1224138,LZ,5320,0.14842949999729171,0.007438700005877763,3825,0.0008933999924920499,8.150003850460052e-05,3843,0.0009239999926649034,0.00011850002920255065,3208,0.19311860000016168,0.00015130004612728953,3302,0.0812580999918282,3.99000127799809e-05,3080,0.036641000013332814,0.0003907000063918531
app.ts,88275,4664,0.058629200037103146,0.003942399984225631,0.0625,0.0,1286794,LZ,5425,0.1474947999813594,0.00783899996895343,3912,0.001077399996574968,7.499998901039362e-05,3930,0.0009765999857336283,0.00013459997717291117,3214,0.19809990003705025,0.0001996000064536929,3396,0.09307100001024082,4.0899962186813354e-05,3156,0.03715260000899434,0.0003939000307582319
archive.zip,74670,74695,0.0146188999642618,4.850002005696297e-05,0.015625,0.0,1068345,RAW,74682,2.417438199976459,4.279997665435076e-05,73935,0.0024861000129021704,0.00030040001729503274,73953,0.002409700013231486,0.0003082000184804201,73750,0.3095840000314638,0.0006326999864540994,73778,0.009856799966655672,5.030003376305103e-05,73960,0.035548900021240115,0.0041940000373870134
big.json,421249,87601,0.8589530999888666,0.10344509995775297,0.859375,0.109375,2984578,LZ,93418,1.6959388999966905,0.26401559996884316,75965,0.03726529999403283,0.0009655999601818621,75983,0.03658690000884235,0.0012144999927841127,53638,0.6190127999871038,0.0012156999437138438,58313,0.18779719999292865,0.018357800028752536,50528,0.20271550002507865,0.004663200001232326
counters_u32.bin,160000,64,0.0541092999628745,0.014428199967369437,0.046875,0.0,1054822,DELTA+LZ,10842,0.4603843999793753,0.050041900016367435,44327,0.013057000003755093,0.0004070999566465616,44345,0.013521999993827194,0.0004469999694265425,31829,0.20070840005064383,0.0006617999752052128,34052,0.04373689997009933,0.0003643999807536602,21084,0.040024699992500246,0.0027603000053204596
data.json,393678,70218,0.5176981000113301,0.07481390004977584,0.515625,0.078125,3837350,LZ,86087,0.38346369995269924,0.04581809998489916,60382,0.02669239998795092,0.0008215999696403742,60400,0.026834400021471083,0.0009980000322684646,49045,0.5837135000037961,0.000972100009676069,51601,0.1933141999761574,0.00038709997897967696,48628,0.18058589997235686,0.0035336000146344304
doc.pdf,44889,1809,0.04807550000259653,0.0029217000119388103,0.0625,0.0,650852,LZ,3471,0.28776639996794984,0.0042508000042289495,2536,0.0006216000183485448,4.190002800896764e-05,2554,0.0006149999680928886,6.370001938194036e-05,1338,0.058201100036967546,9.360001422464848e-05,1565,0.022941800008993596,5.500001134350896e-05,1108,0.022816400043666363,0.00019069999689236283
dump.sql,432464,60050,0.5169429000234231,0.06968360004248098,0.515625,0.0625,3106774,LZ,75015,0.3528933000052348,0.04713879997143522,53076,0.01596129999961704,0.0006509000086225569,53094,0.015994700021110475,0.0011275999713689089,40059,0.8979873000062071,0.001105500035919249,45591,0.36411710001993924,0.0003834000090137124,42104,0.7511766999959946,0.0038965999847278
engine.cpp,87326,4734,0.06004620000021532,0.003766799985896796,0.0625,0.0,1204655,LZ,5517,0.15488709998317063,0.007901300035882741,3932,0.0008447999716736376,7.430004188790917e-05,3950,0.0008594000246375799,0.00011500000255182385,3274,0.19938829995226115,0.0001485000248067081,3405,0.08955279999645427,4.2000028770416975e-05,3160,0.03746409999439493,0.00036529998760670424
feed.xml,150450,16485,0.1443235999904573,0.019885700021404773,0.140625,0.015625,2462270,LZ,25021,0.21886059996904805,0.01608119998127222,16581,0.0026848000125028193,0.00017360004130750895,16599,0.0031151999719440937,0.00026890001026913524,8833,0.24825970001984388,0.00033329997677356005,13215,0.12804649997269735,0.00010369997471570969,10096,0.07708289998117834,0.001043400028720498
lib.rs,93269,4619,0.06396800000220537,0.004106400010641664,0.0625,0.015625,1255350,LZ,5334,0.15184850001242012,0.008574899984523654,3834,0.0012088000075891614,8.789997082203627e-05,3852,0.0010556000052019954,0.00011999998241662979,3235,0.22872000001370907,0.00015670002903789282,3386,0.10200369998347014,4.3199979700148106e-05,3140,0.04023400001460686,0.0003768999595195055
main.py,88515,6508,0.07173429999966174,0.007606300001498312,0.0625,0.015625,1393499,LZ,7481,0.16876499995123595,0.00849689997266978,5526,0.0013574999757111073,8.430000161752105e-05,5544,0.0014078000094741583,0.00012600002810359,4198,0.12267630000133067,0.00018049997743219137,4702,0.06751449999865144,4.9200025387108326e-05,4416,0.04217400000197813,0.000471699982881546
notes.md,20177,2785,0.026412999955937266,0.002432100009173155,0.03125,0.0,614075,LZ,3159,0.09417579998262227,0.0020972000202164054,2226,0.0002315999590791762,4.2499974370002747e-05,2244,0.00023980002151802182,4.9399968702346087e-05,1613,0.0289535999763757,7.910002022981644e-05,2000,0.013887999986764044,5.420000525191426e-05,1936,0.019094299990683794,0.00025460001779720187
page.html,90574,9614,0.11098649998893961,0.012656299979425967,0.109375,0.015625,1656498,LZ,15254,0.1880509000038728,0.01027339999563992,10016,0.0022805999615229666,9.929999941959977e-05,10034,0.0022531000431627035,0.00013550004223361611,5115,0.14806919998954982,0.00021769996965304017,5957,0.05795589997433126,8.910003816708922e-05,4952,0.05083269998431206,0.0006514000124298036
photo.jpg,65397,65276,0.12589480000315234,0.02883199998177588,0.125,0.015625,11689193,LZ,65409,2.3190135000040755,4.110002191737294e-05,64745,0.002093300048727542,0.00024070002837106586,64763,0.0020002000383101404,0.0002677000011317432,64081,0.3054922999581322,0.0005803000531159341,64540,0.005143799993675202,0.00010120001388713717,65032,0.028485900023952127,0.003377299988642335
photo.png,471403,471440,0.04886320000514388,0.00023850001161918044,0.046875,0.0,1070547,RAW,471415,5.1233467000420205,0.00021329999435693026,471548,0.01608119998127222,0.000159099989105016,471566,0.01446469995426014,0.0004483000375330448,471408,0.3812599999946542,0.0003974999999627471,471424,0.049785599985625595,0.0003141000051982701,471484,0.17884629999753088,0.0011036999640055
photo.webp,60216,60241,0.017357799981255084,5.019997479394078e-05,0.015625,0.0,994798,RAW,60228,0.17651840002508834,3.739999374374747e-05,60236,0.0012465000036172569,1.0000017937272787e-05,60254,0.001264900027308613,4.39999857917428e-05,60220,0.036852899997029454,3.200001083314419e-05,60226,0.005067699996288866,1.8400023691356182e-05,60276,0.031381300010252744,0.00018360000103712082
program.c,99918,4806,0.0665523000061512,0.004787600017152727,0.0625,0.015625,1329752,LZ,5623,0.1585037999902852,0.009111699997447431,4068,0.0010089999996125698,8.480000542476773e-05,4086,0.0014251000247895718,0.0001566999708302319,3325,0.2560105000156909,0.00016200001118704677,3443,0.11872010002844036,7.930002175271511e-05,3196,0.04264379997039214,0.00041119998786598444
random_os.bin,262144,262169,0.025864900031592697,0.00012470001820474863,0.03125,0.0,1070447,RAW,262156,0.35858729999745265,0.00012279994552955031,262224,0.007952000014483929,0.00015279999934136868,262242,0.007595200033392757,0.0002750999992713332,262149,0.08192650001728907,5.849997978657484e-05,262159,0.016688000003341585,3.160000778734684e-05,262216,0.06944910000311211,0.0004075999604538083
random_prng.bin,262144,535,0.2626488999812864,0.08243129996117204,0.265625,0.078125,1317294,DELTA+LZ,3470,0.6424944000318646,0.08890339999925345,5321,0.002258200023788959,0.00015089998487383127,5339,0.0027759000076912344,0.00031779997516423464,1459,0.26290599995991215,0.00013780000153928995,1935,0.05526069999905303,4.1700026486068964e-05,1200,0.07290880003711209,0.00048399996012449265
sensor_i16.bin,131072,71489,1.457196599978488,0.058900400006677955,1.40625,0.0625,21552601,DELTA+LZ,70900,0.6389759000157937,0.0841692000394687,120084,0.005069799954071641,0.0005318999756127596,120102,0.00492929999018088,0.0005889000021852553,89271,0.8332753999857232,0.001207799999974668,112948,0.043696400010958314,0.00037379999412223697,94192,0.04390549997333437,0.007555200019851327
server.log,207757,39734,0.3566528999945149,0.04450279998127371,0.359375,0.046875,3690727,LZ,49545,0.3198263000231236,0.025802800024393946,34800,0.006964900007005781,0.0004932999727316201,34818,0.006968600035179406,0.0005030999891459942,28803,0.2958968000020832,0.0007412999984808266,30391,0.13171819999115542,0.00018820003606379032,27788,0.10226930002681911,0.0020965999574400485
table.csv,246142,68184,0.6391151000279933,0.08281960000749677,0.625,0.09375,4073974,LZ,88735,0.43986359995324165,0.035957699990831316,61914,0.01657629996770993,0.0005499999970197678,61932,0.01691240002401173,0.0007089999853633344,46899,0.3895918999915011,0.0007428000099025667,50256,0.14429290004773065,0.0003888000501319766,42136,0.1518756999867037,0.0033439999679103494
text_en.txt,34497,14510,0.10638160002417862,0.012545100005809218,0.09375,0.015625,1730315,LZ,18142,1.1265031000366434,0.046231199987232685,12416,0.002455199952237308,0.0001534000039100647,12434,0.0024423999711871147,0.0001362999901175499,11293,0.04462180001428351,0.0001598999951966107,11399,0.010748000000603497,8.480000542476773e-05,11500,0.020603800017852336,0.0007933999877423048
